0,0,0,0,0,0,0,0,0,0,0,0,0,0,0
5.02967136003941,0.0343089299496208,0.0135791355398753,5.07959335055054,0.0346494631480719,0.0137139152157318,5.12976186940986,0.0349916779919474,0.0138493604702346,5.1801769166174,0.0353355744812473,0.0139854713033835,5.23083849217313,0.0356811526159717,0.0141222477151786
5.0349894517556,0.333481789815769,-0.0205104277006189,5.0634376175405,0.479343652507397,-0.0370408980267494,5.09181997910421,0.627299728460036,-0.053810353953789,5.12013653644673,0.777350017673686,-0.0708187954817377,5.14838728956805,0.929494520148348,-0.0880662226105953
5.04391241691391,0.43487697225525,-0.00454580245755376,5.06436172815428,0.564766324136859,-0.00811256544728873,5.08437568333047,0.695908272132876,-0.0113032820756526,5.1039542824425,0.8283028162433,-0.0141179523426455,5.12309752549036,0.961949956468132,-0.0165565762482672
5.01745598538923,0.57518666957611,-0.0304953521348368,5.01868082347685,0.710502713941144,-0.0426519815715275,5.01735482877397,0.847541318159723,-0.0554420415576981,5.01347800128061,0.986302482231849,-0.0688655320933486,5.00705034099676,1.12678620615752,-0.082922453178479
4.93784613836403,0.783029584646269,0.0684778139247749,4.90130686531633,0.951662409613705,0.104098215558553,4.85649466149323,1.12715180170069,0.146951804518407,4.80340952689473,1.30949776090721,0.197038580804337,4.74205146152083,1.49870028723328,0.254358544416341
4.86778712914218,0.975091243897287,0.042316129324921,4.80774392416939,1.16122644178821,0.057096614679008,4.73674176009329,1.35609562350173,0.0741595194617569,4.65478063691388,1.55969878903786,0.0935048436731678,4.56186055463117,1.7720359383966,0.115132587313241
4.84749838357617,1.07684573670721,-0.0130809113157132,4.79413932518996,1.23426659890776,-0.0271629277985294,4.73284873466521,1.39399558917331,-0.0443067639063274,4.66362661200194,1.55603270750386,-0.0645124196391074,4.58647295720015,1.7203779538994,-0.0877798949968693
4.90134968225386,1.21365609949674,0.049180659721002,4.88488840950421,1.36476694266434,0.0639594012328586,4.86772545868627,1.51679602109986,0.0808246409882766,4.84986082980005,1.66974333480328,0.0997763789872558,4.83129452284555,1.82360888377461,0.120814615229796
4.84228333401168,1.43684549066027,0.0641587589266631,4.80853845820302,1.61692759006787,0.0811015888350564,4.77159524862522,1.80215172474098,0.100142599339806,4.73145370527828,1.9925178946796,0.121281790440911,4.68811382816221,2.18802609988373,0.144519162138372
4.73210201905641,1.63131729910639,0.0148128324672075,4.66746249146189,1.82175546470701,0.0098344812932242,4.59571322949318,2.01807201484933,0.00356218668861693,4.51685423315027,2.22026694953334,-0.00400405134661436,4.43088550243317,2.42834026875905,-0.0128642328124696
4.63011352435352,1.74254593252323,0.00850980930465952,4.54568335475066,1.91196886714863,0.00178775545814904,4.45244637893123,2.08367104349803,-0.00628843260085234,4.35040259689523,2.25765246157142,-0.0157187548723446,4.23955200864267,2.43391312136881,-0.0265032113563278
4.64865685603994,1.8863035467926,0.0626196751802236,4.58850413894853,2.0497597366662,0.074088117009582,4.52379662055196,2.21443539009913,0.0867143098997424,4.45453430085021,2.38033050709138,0.100498253850705,4.38071717984329,2.54744508764294,0.115439948862469
4.59334574922468,2.01974409330615,0.0332145344371695,4.53012756782656,2.17518657726886,0.033267526406105,4.46254107830606,2.33069235720519,0.0329038666914089,4.39058628066318,2.48626143311513,0.0321235552930812,4.31426317489793,2.64189380499868,0.0309265922111219
4.54273826873891,2.15941721773196,0.0176094098592171,4.47891181956023,2.3102211632155,0.0125770841994346,4.41118202378594,2.46050698215401,0.00655078591037439,4.33954888141604,2.61027467454747,-0.000469485007963506,4.26401239245054,2.75952424039589,-0.00848372855557907
4.48579695778926,2.29144155015575,-0.00117826019238315,4.42008013976592,2.43623685575913,-0.0112261483604388,4.35070840432866,2.5798364298443,-0.0227643287431538,4.27768175147749,2.72224027241127,-0.0357928013405281,4.20100018121241,2.86344838346004,-0.0503115661525616
4.40575761130572,2.42616183261369,-0.0319614054815491,4.33224038852838,2.56684530979485,-0.0495011620613683,4.25455431997352,2.70597153827368,-0.0692752440613448,4.17269940564114,2.8435405180502,-0.0912836514814786,4.08667564553126,2.97955224912439,-0.11552638432177
4.34196763526385,2.53126233619065,-0.0328450001220294,4.26708772310244,2.66012344118769,-0.0478140435959461,4.188389326058,2.7861456519357,-0.0644174824219923,4.10587244413053,2.90932896843467,-0.0826553166001679,4.01953707732003,3.0296733906846,-0.102527546130473
4.21255249903819,2.64617652923837,-0.0364311230647834,4.11811311022138,2.76817311746422,-0.0497490072515849,4.01787651050452,2.88682476937363,-0.0642882751747906,3.91184269988761,3.0021314849666,-0.0800489268344007,3.80001167837065,3.11409326424315,-0.0970309622304151
4.09350775723053,2.8034190941589,-0.0365752472522388,3.98615499681074,2.9322643016895,-0.0473045071153254,3.87210596480153,3.05905243380597,-0.0587737916483172,3.7513606612029,3.18378349050833,-0.0709831008512142,3.62391908601485,3.30645747179656,-0.0839324347240163
4.01142542069282,2.92293517076983,-0.0299850332710706,3.90469879320223,3.04702007674654,-0.0364357951971989,3.79220378111473,3.16870535748597,-0.0429906401654919,3.67394038443033,3.28799101298814,-0.0496495681759495,3.54990860314902,3.40487704325302,-0.0564125792285717
3.90988195934556,3.06779215570851,-0.00493453014048319,3.79889053103817,3.19550320528168,-0.00235117851566937,3.68232150129151,3.32157921302185,0.00128759579195171,3.56017487010556,3.44602017892902,0.00598179278238003,3.43245063748034,3.56882610300319,0.0117314124556156
3.82580520299081,3.17474758316472,-1.56070377393155e-06,3.71704607033252,3.29480088057708,0.0043190080295875,3.60370056024197,3.41245474003231,0.00978153208440579,3.48576867271915,3.52770916153041,0.0163860114606809,3.36325040776405,3.64056414507138,0.0241324461584129
3.7372472047971,3.27576411823606,-0.0128232891294187,3.62976162123996,3.38789581115415,-0.0123333868915548,3.5184332382495,3.49692734716921,-0.0113325154306233,3.40326205582572,3.60285872628125,-0.00982067474662415,3.28424807396861,3.70568994849025,-0.00779786483955742
3.63013609252769,3.41035346033959,0.0109309659756219,3.51891627006724,3.52589554703902,0.0186762543267634,3.40386741967902,3.63916337631145,0.0277880786027453,3.28498954136302,3.75015694815688,0.0382664388035677,3.16228263511925,3.85887626257531,0.0501113349292305
3.55043371686703,3.52284980771695,0.0205078841319806,3.44451619866269,3.63523521597121,0.0301503738611504,3.33592782615564,3.7452344448216,0.0412267065322794,3.22466859934589,3.85284749426813,0.0537368821453676,3.11073851823342,3.95807436431079,0.0676809007004151
3.45968718134091,3.63507551546834,-0.00673332557171454,3.35549207034102,3.74502849773822,-0.00633789211436062,3.24918333230745,3.85258943483555,-0.00586334688457984,3.14076096724019,3.95775832676033,-0.00530968988237221,3.03022497513926,4.06053517351256,-0.00467692110773772
3.32133981290613,3.78438115363334,0.018566925703588,3.20514405422265,3.90333461792175,0.026251373485716,3.08558044723151,4.02134123984171,0.0349295476127114,2.96264899193273,4.13840101939321,0.0446014480845742,2.83634968832628,4.25451395657625,0.0552670749013044
3.19264173709602,3.85546652281028,0.0131464763687488,3.06945918420904,3.95961714951026,0.0180312805822729,2.94244960580878,4.0610628646831,0.0234285027577989,2.81161300189523,4.15980366832881,0.029338142895327,2.67694937246839,4.25583956044739,0.0357602009948571
3.09227105553678,3.94699453023257,0.0282631213660094,2.97186455998768,4.04478652495031,0.0366220335951182,2.84846901656605,4.1394099253255,0.0458692230779667,2.72208442527187,4.23086473135813,0.0560046898145549,2.59271078610515,4.3191509430482,0.0670284338048828
2.92428044152021,4.0230365181655,0.0210052167019869,2.78711072990982,4.11136394708615,0.0257318083596164,2.64520365689614,4.19572365303939,0.0307728914541909,2.49855922247919,4.27611563602523,0.0361284659857102,2.34717742665896,4.35253989604366,0.0417985319541744
2.79376592560659,4.11991776265525,0.0193205564963195,2.653785427231,4.20675366388286,0.0225056828615988,2.50931212622938,4.28993616959062,0.0257697061016537,2.36034602260174,4.36946527977854,0.029112626216484,2.20688711634806,4.44534099444663,0.0325344432060898
2.64666555683016,4.16665906709564,0.0446794488713454,2.50013109278934,4.23823440914492,0.0543626545355527,2.34884216981515,4.30468287321628,0.0649396463080799,2.19279878790759,4.36600445930969,0.0764104241889271,2.03200094706667,4.42219916742518,0.0887749881780942
2.49611361475364,4.27309030266735,0.0662404036421895,2.34366163888029,4.34962948724893,0.0802559831086065,2.18630755711034,4.42232278824348,0.0956018696972797,2.02405136944379,4.49117020565099,0.112278063408209,1.85689307588064,4.55617173947146,0.130284564241395
2.39039223766364,4.37570106886607,0.0431890056383835,2.24656651079155,4.45594200712716,0.0478041239667786,2.09955606524201,4.53329521346668,0.0523873080805519,1.94936090101502,4.60776068788462,0.0569385579797035,1.79598101811058,4.67933843038098,0.0614578736642333
2.24209290104165,4.44361856419011,0.0134757179079612,2.09378738063826,4.51740423067862,0.00812109833639213,1.94213273697015,4.58784928029064,0.00147298000934968,1.7871289700373,4.65495371302616,-0.0064686370731662,1.62877607983972,4.71871752888517,-0.0157037529111555
2.11486803304066,4.50461669230109,-0.000469854755210134,1.96931595987914,4.57135991840855,-0.00960494056122979,1.82118945465244,4.6342925994202,-0.0203492333668899,1.67048851736057,4.69341473533606,-0.0327027331721905,1.51721314800352,4.74872632615612,-0.0466654399771315
2.00367939534075,4.60311888327057,-0.0181150299776225,1.86550049432016,4.67524522051011,-0.0313228425139406,1.7260099573057,4.74472809899192,-0.0464525929319277,1.58520778429737,4.81156751871601,-0.0635042812315839,1.44309397529516,4.87576347968236,-0.0824779074129092
1.86988330299507,4.69349437309086,-0.0273600310308599,1.73166149775,4.7682600009147,-0.0413426301133421,1.59228911567269,4.84105278862587,-0.057101541944729,1.45176615676313,4.91187273622437,-0.0746367665250208,1.31009262102132,4.98071984371021,-0.0939483038542175
1.71829731981367,4.74146319136285,-0.0194589076833044,1.57505630798697,4.80649890377058,-0.0288829727307517,1.43017361374953,4.86857704937914,-0.0392791695131207,1.28364923710133,4.92769762818852,-0.0506474980304116,1.13548317804238,4.98386064019872,-0.0629879582826243
1.56342858713299,4.76297029200535,-0.0754317775257037,1.41517993400469,4.81244790139383,-0.0993027872422335,1.26486230238838,4.85736835234436,-0.125856506539499,1.11247569228406,4.89773164485695,-0.155092935417499,0.958020103691724,4.9335377789316,-0.187012073876235
1.36900241485575,4.83159690992321,-0.0571071208754051,1.20531744142821,4.88206056343369,-0.0714461542026726,1.03786654657751,4.92867075102453,-0.0869172802898787,0.866649730303649,4.97142747269574,-0.103520499137023,0.691666992606628,5.0103307284473,-0.121255810744106
1.20762416213614,4.87373890370865,0.00494920533916584,1.04084101137191,4.91794015681,0.0115928282946491,0.870376707530562,4.95798213612828,0.01991176740255,0.696231250612095,4.99386484166348,0.0299060226628685,0.518404640616511,5.02558827341562,0.0415755940756046
1.06942768658631,4.91350197985087,0.0316073159080049,0.907238596119833,4.95225920460931,0.0457200087262265,0.742418871056512,4.98669405907627,0.0622435208273771,0.574968511396351,5.01680654325177,0.0811778522114566,0.40488751713935,5.04259665713579,0.102523002878465
0.897321385766838,4.9321021390529,0.0186185223111696,0.72963084468964,4.96070196284769,0.0272967454216815,0.558945225526749,4.98423867263026,0.0373898464252902,0.385264528278163,5.00271226840059,0.0488978253219955,0.208588752943884,5.01612275015869,0.0618206821117975
0.765069138211199,4.96291580282908,0.0631844237554901,0.604642132664958,4.98709337103685,0.0836662254848039,0.44252235654298,5.00628918074212,0.106881726877811,0.278709809845264,5.0205032319449,0.132830927934512,0.113204492571812,5.02973552464518,0.161513828654906
0.617088340690705,4.95964427331839,0.0553510005005919,0.458571469436336,4.9708941698928,0.0703698638724406,0.298819208033547,4.97615359269834,0.0870818826975669,0.137831556482335,4.97542254173502,0.105487056975971,-0.0243914852172967,4.96870101700285,0.125585386707653
0.485944860486047,4.95080304036011,0.0470032574365093,0.334116593050965,4.95024652355729,0.0569511582132768,0.182058867910913,4.94296121309729,0.0677335255266082,0.0297716850658918,4.92894710898013,0.0793503593765034,-0.1227449554841,4.90820421120579,0.0918016597629626
0.292115881060134,4.98380744854356,0.0158159481780986,0.127899880217409,4.98623728241037,0.0146905834319294,-0.038089042709235,4.98317163724221,0.0128880267670161,-0.205850887719799,4.97461051303908,0.0104082781833585,-0.375385654814282,4.96055390980097,0.00725133768095674
0.106599702731806,4.97667880578349,0.0318042552335951,-0.0655551475839786,4.97084619433667,0.0349557257246508,-0.24026566990352,4.95916684402061,0.0380589063443723,-0.41753186422682,4.9416407548353,0.0411137970927595,-0.597353730553877,4.91826792678075,0.0441203979698125
-0.0350153005080233,4.96646372691931,0.0259667650092664,-0.200885218526375,4.95351575007072,0.026467842070119,-0.368188514597784,4.93455998519442,0.0265902983248138,-0.536925188722249,4.90959643229039,0.0263341337733509,-0.70709524089977,4.87862509135864,0.0256993484157302
-0.177956041065667,5.00466940200123,0.0210816683490905,-0.338621852443609,5.00052147671208,0.0196449476254164,-0.499878428661873,4.99224558412014,0.0176316722119463,-0.661725769720458,4.97984172422541,0.0150418421086803,-0.824163875619364,4.9633098970279,0.0118754573156185
-0.317269941777076,4.98771196207495,-0.00340631018316362,-0.472345616849215,4.97572800115422,-0.0120924097777499,-0.627227405656045,4.95914534223218,-0.0222021636593601,-0.781915308197565,4.93796398530885,-0.0337355718279942,-0.936409324473777,4.91218393038421,-0.0466926342836523
-0.490720350864067,4.96913579304898,-0.0290801326263359,-0.650921214843396,4.95064483709058,-0.0441074529210539,-0.81160343692245,4.92731292920913,-0.0611827012538596,-0.972767017101228,4.89914006940464,-0.080305877624753,-1.13441195537973,4.86612625767709,-0.101476982033734
-0.624168137745885,4.93010393946972,-0.0306296088188628,-0.777105941151522,4.90082590021341,-0.0438033221184476,-0.929541966442327,4.86595206127366,-0.0585296725188303,-1.0814762136183,4.82548242265047,-0.074808660020011,-1.23290868267944,4.77941698434385,-0.0926402846219895
-0.760014629357739,4.89704974442921,-0.0220073801601905,-0.907503101252368,4.86108279264943,-0.0304242917088611,-1.05386171443814,4.81938127300993,-0.0395928715188596,-1.19909046891505,4.7719451855107,-0.0495131195901861,-1.34318936468311,4.71877453015174,-0.0601850359228404
-0.94528615591368,4.87524970831033,-0.0537863290149515,-1.10258212044614,4.83764919467659,-0.0697176973946293,-1.26013669803457,4.79483472652596,-0.087259254593578,-1.41794988867899,4.74680630385844,-0.106411000611798,-1.57602169237939,4.69356392667404,-0.127172935449288
-1.06324735186998,4.89383578085537,-0.0436631028915527,-1.20941539159944,4.86728607575917,-0.0536624363162506,-1.35439654942302,4.83758719064928,-0.0643144904867888,-1.49819082534072,4.80473912552571,-0.0756192654031674,-1.64079821935255,4.76874188038845,-0.0875767610653864
-1.20060031444797,4.87065465339199,-0.00601991063884177,-1.34302970414821,4.84193089633563,-0.00288051678798307,-1.48394827081249,4.8101817495429,0.00135694911696854,-1.62335601444082,4.7754072130138,0.00669248707601305,-1.7612529350332,4.73760728674833,0.0131260970891505
-1.3673062048465,4.79752293875827,-0.0309491885539261,-1.51525227663254,4.75291867939391,-0.0348369766568555,-1.66257965108896,4.70365710314632,-0.038658175123037,-1.80928832821575,4.64973821001549,-0.0424127839524705,-1.95537830801292,4.59116200000143,-0.0461008031451561
-1.5660190524695,4.74267822271424,-0.00212765480849761,-1.72804227530076,4.69045226284817,0.00351976525392438,-1.89131240514772,4.63319266437735,0.0104357944228493,-2.05582944201037,4.57089942730175,0.0186204326982772,-2.22159338588871,4.50357255162138,0.028073680080208
-1.72497182480754,4.69816645257318,0.0376244395819397,-1.8873531277826,4.64313993981327,0.0544130106032763,-2.05086850323431,4.58336327357353,0.0737234873452126,-2.21551795116268,4.51883645385397,0.0955558698077486,-2.3813014715677,4.44955948065457,0.119910157990884
-1.94141654293473,4.65789107504195,0.0196853958664736,-2.12058207008352,4.60238453312535,0.0289430034513416,-2.30286842068894,4.54266992024977,0.039446327999287,-2.48827559475098,4.47874723641521,0.0511953695103097,-2.67680359226965,4.41061648162167,0.0641901279844097
-2.08025434395256,4.60354138082994,-0.00960436725674742,-2.25086671818918,4.54416164953737,-0.0102596459304129,-2.42311793126464,4.48061635973736,-0.0110857668157141,-2.59700798317891,4.41290551142992,-0.012082729912651,-2.77253687393201,4.34102910461505,-0.0132505352212237
-2.18015600438783,4.55603244024863,-0.0166756939570571,-2.3319380444771,4.49592347933698,-0.0193591175039319,-2.48276040867055,4.43208519401761,-0.0224491635910396,-2.63262309696818,4.36451758429052,-0.0259458322183801,-2.78152610936999,4.29322065015571,-0.0298491233859535
-2.32065647997957,4.47168775923347,-0.0343033518592502,-2.46821308311561,4.40083377401453,-0.0417194201572905,-2.61439542945151,4.32535983731575,-0.0500912896307408,-2.75920351898727,4.24526594913713,-0.0594189602796013,-2.90263735172289,4.16055210947866,-0.0697024321038718
-2.45320203819594,4.38449646349989,-0.0294137964706436,-2.59503902215053,4.30429324013905,-0.0342234626109669,-2.73495011547864,4.21886969316176,-0.0395367163522252,-2.87293531818027,4.128225822568,-0.0453535576944184,-3.00899463025542,4.0323616283578,-0.0516739866375465
-2.56642834929563,4.3111626442626,-0.0176916938036038,-2.69805729156452,4.22772763641986,-0.0182193695462915,-2.82670894305189,4.13932474546066,-0.0186431146964271,-2.95238330375772,4.04595397138499,-0.0189629292540106,-3.07508037368204,3.94761531419286,-0.0191788132190422
-2.63797154882185,4.21324842264384,-0.00391202856652776,-2.74922971919665,4.12065412254426,-0.00019411791375048,-2.85530253610083,4.02255984951378,0.00415349707349288,-2.95618999953441,3.9189656035524,0.00913081639520232,-3.05189210949736,3.80987138466012,0.0147378400513778
-2.7990249399703,4.12771966613142,-0.0403865133068997,-2.91951236160917,4.03167071023102,-0.0476736994899504,-3.03664433091577,3.93038142973649,-0.0558081927653372,-3.1504208478901,3.82385182464784,-0.0647899931330601,-3.26084191253217,3.71208189496507,-0.0746191005931192
-2.92844385554503,3.99406373240642,0.00604372553274836,-3.04816129294942,3.88188807141186,0.0134592275536206,-3.16485149728953,3.76309008469079,0.0220014588579717,-3.27851446856538,3.63766977224321,0.0316704194458018,-3.38915020677696,3.50562713406912,0.0424661093171107
-3.04583586955435,3.91915495027557,-0.0191812595934417,-3.16185291573716,3.81114489299462,-0.0200877206124156,-3.2747572729656,3.69788201298231,-0.0210669422508451,-3.38454894123967,3.57936631023863,-0.0221189245087304,-3.49122792055938,3.45559778476359,-0.0232436673860714
-3.18826200613258,3.82637263891538,-0.00581581576328004,-3.30881120544015,3.71751785138344,-0.00266363957215826,-3.42721821102907,3.60396983838931,0.000940247514932051,-3.54348302289935,3.48572859993299,0.00499584549799089,-3.65760564105096,3.36279413601448,0.00950315437701825
-3.3234999857139,3.74343985211337,0.021986478217767,-3.44615906526034,3.63739567961358,0.0327260240832546,-3.56721574216233,3.52761087705833,0.0448231364237994,-3.68667001641987,3.41408544444765,0.0582778152394015,-3.80452188803295,3.29681938178151,0.0730900605300608
-3.42718078766935,3.63094432636623,0.0068220545433719,-3.5427436769052,3.51929200107452,0.0114205460169735,-3.65600673970395,3.40366196798266,0.0164246711785641,-3.76696997606561,3.28405422709067,0.0218344300281438,-3.87563338599017,3.16046877839855,0.0276498225657125
-3.53691558063923,3.54608173765685,-0.00624971025065362,-3.6484915396832,3.43820673521567,-0.00636072978409926,-3.75755349832289,3.32733850839774,-0.00671547156215768,-3.8641014565583,3.21347705720306,-0.0073139355848289,-3.96813541438943,3.09662238163163,-0.00815612185211291
-3.62149974826521,3.41609156099046,0.0180591583058096,-3.72274818589008,3.29882148496293,0.0247734289476808,-3.82049071446911,3.17774548442756,0.032141372321335,-3.91472733400229,3.05286355938436,0.0401629884267724,-4.00545804448962,2.92417570983333,0.0488382772639929
-3.73258332752463,3.28872659945775,-0.0115949279145349,-3.83317291003413,3.16472835494023,-0.0147548119171273,-3.93061801048971,3.03655321371767,-0.0185975068208718,-4.02491862889138,2.90420117579007,-0.0231230126257686,-4.11607476523914,2.76767224115742,-0.0283313293318175
-3.8553725956676,3.16891513674204,-0.00806368126752257,-3.959244009499,3.04195197537986,-0.00996944322983654,-4.06078674707764,2.91096577538697,-0.0123121268816108,-4.16000080840351,2.77595653676334,-0.0150917322228453,-4.25688619347662,2.636924259509,-0.0183082592535401
-3.94836987558926,3.03200960192302,0.0196089756372073,-4.04676479416953,2.89814530678101,0.0258285838998375,-4.14243142806686,2.75989260540455,0.0326982338696679,-4.23536977728126,2.61725149779364,0.0402179255466987,-4.32557984181274,2.47022198394828,0.0483876589309298
-4.01467310985549,2.9197720052929,0.0181529286341853,-4.101049917601,2.7877797503127,0.0228006477660607,-4.18351911845765,2.65219383846509,0.0278163395616016,-4.26208071242542,2.51301426975009,0.0332000040208079,-4.33673469950434,2.37024104416768,0.0389516411436796
-4.11881219210884,2.76552667243585,0.0232465444105632,-4.20642317488702,2.62349899135,0.0283913133299017,-4.29077928824408,2.47705988550919,0.0339204409588751,-4.37188053218002,2.32620935491339,0.0398339272974834,-4.44972690669483,2.17094739956262,0.0461317723457265
-4.20755175656136,2.66602135165904,0.0244458429493238,-4.29223456911719,2.53189151980222,0.0288328449870237,-4.37370398596878,2.39491289740025,0.0334592154999095,-4.45196000711615,2.25508548445313,0.0383249544879811,-4.52700263255928,2.11240928096085,0.0434300619512387
-4.30084498341621,2.53929310567748,0.0029288181686847,-4.38480692297707,2.40445707714358,5.65512335049071e-05,-4.46587188689708,2.26704425546099,-0.00352828211871929,-4.54403987517624,2.12705464062971,-0.00782568188798788,-4.61931088781456,1.98448823264973,-0.0128356480743009
-4.36795772532256,2.42298317948273,-0.0146909303179458,-4.44414522268545,2.29093325082603,-0.0225448303369604,-4.51681656117138,2.1569873360379,-0.0316532450330234,-4.58597174078038,2.02114543511837,-0.0420161744061348,-4.65161076151243,1.88340754806742,-0.0536336184562946
-4.46051805988112,2.26451954633613,0.0122556690286665,-4.53792896920624,2.1229274537928,0.0132212219663842,-4.61242539734417,1.97846871032091,0.0142111274026233,-4.6840073442949,1.83114331592047,0.0152253853373838,-4.75267481005844,1.68095127059146,0.0162639957706659
-4.53228017491696,2.14323693929323,0.0138580116967821,-4.60514140321933,2.00465733845779,0.0150322535434315,-4.67488056545124,1.86395743041967,0.0162542489747591,-4.74149766161271,1.72113721517887,0.0175239979907647,-4.80499269170372,1.57619669273541,0.0188415005914483
-4.61398608172565,2.00855065964006,0.0328679218184111,-4.68628558092479,1.86897778116454,0.0392529450281966,-4.75578804298199,1.72742766931444,0.0463411564034025,-4.82249346789724,1.58390032408977,0.0541325559440288,-4.88640185567055,1.43839574549051,0.0626271436500755
-4.6965755098778,1.8410429069186,-0.00520615705261231,-4.76905667664086,1.69140627262953,-0.0109878631657621,-4.83911894601907,1.53876583941717,-0.0177001877353304,-4.90676231801243,1.38312160728151,-0.025343130761317,-4.97198679262094,1.22447357622255,-0.0339166922437221
-4.72873854547194,1.70446374486936,-0.0225914554950366,-4.78712961599224,1.55560315835808,-0.0326627609899265,-4.84162015709734,1.40421861582656,-0.0440910998955957,-4.89221016878723,1.25031011727481,-0.0568764722120442,-4.9388996510619,1.09387766270282,-0.071018877939272
-4.73323376272982,1.52443201146796,-0.0414407808529116,-4.77212265755804,1.36402411781783,-0.0554101605367441,-4.80513042962056,1.19994677433818,-0.0710591529527453,-4.83225707891738,1.03219998102902,-0.0883877581009152,-4.85350260544849,0.86078373789035,-0.107395975981254
-4.77758952729097,1.41347681319877,-0.0317186522698003,-4.81217983609152,1.26371492098427,-0.0405094819632092,-4.8410899215497,1.11210089277252,-0.0501092962996813,-4.86431978366554,0.958634728563523,-0.0605180952792164,-4.88186942243901,0.803316428357272,-0.0717358789018147
-4.80128600494268,1.22889604651622,-0.0293713750257072,-4.82704256949163,1.06720273148876,-0.0357469560656613,-4.8467185784235,0.902377738030468,-0.0425222126979424,-4.8603140317383,0.734421066141355,-0.0496971449225507,-4.86782892943601,0.563332715821418,-0.057271752739486
-4.86482383398198,1.1127307487337,0.00713387596639222,-4.89543667550469,0.96108509983991,0.0127716628787544,-4.92135736732086,0.807980860197518,0.0195855817172744,-4.94258590943047,0.653418029806524,0.0275756324819524,-4.95912230183353,0.497396608666929,0.0367418151727883
-4.86452593789342,0.950869815024644,0.00747614498843834,-4.88149866126348,0.794808478487816,0.0127571296218856,-4.89264331077576,0.63691315450758,0.0190196436863808,-4.89795988643027,0.477183843083937,0.0262636871819239,-4.89744838822701,0.315620544216886,0.034489260108515
-4.92734420332728,0.782359286182472,0.0234373108190717,-4.95176011375027,0.620860198962141,0.0327914989016037,-4.97203270656786,0.457069634788424,0.0435196973683685,-4.98816198178006,0.290987593661321,0.0556219062193661,-5.00014793938687,0.122614075580832,0.0690981254545965
-4.9677981201006,0.612615187358739,0.0420699289563499,-4.99271335770287,0.446437876398427,0.0554840257799689,-5.01407465084831,0.27766609643306,0.0706131016478754,-5.03188199953694,0.106299847462638,0.0874571565600694,-5.04613540376876,-0.067660870512837,0.106016190516551
-5.00133265355754,0.463288794236644,0.0251756063490045,-5.02518904042431,0.299394978783172,0.0315310714370536,-5.04580822928176,0.133525940774971,0.0384877257255507,-5.06319022012989,-0.03431831978796,0.0460455692144957,-5.07733501296869,-0.20413780290562,0.0542046019038888
-4.98985126491085,0.309778537751936,-0.0093296432158837,-5.00024095668458,0.146915308248831,-0.0142012535905525,-5.00609483916507,-0.0175415632865132,-0.0199732459402723,-5.00741291235233,-0.183592076854097,-0.026645620265043,-5.00419517624634,-0.351236232453919,-0.0342183765648648
-4.99495440862833,0.139757878620702,-0.0518150066774664,-4.99927795347046,-0.0267709090000209,-0.0684753408064706,-4.99887141615245,-0.195156363666411,-0.0874183070233145,-4.9937347966743,-0.365398485378468,-0.108643905327998,-4.98386809503601,-0.537497274136192,-0.132152135720521
-4.99817986520319,0.011690950026839,-0.0381691491296901,-4.99745545584698,-0.145560655124895,-0.0483391494517773,-4.99196061120162,-0.303255510563403,-0.0596780738845546,-4.9816953312671,-0.461393616288684,-0.072185922428022,-4.96665961604342,-0.619974972300738,-0.0858626950821797
-5.03085509756884,-0.157607195342782,-0.0126519831756655,-5.035028703544,-0.318789255231405,-0.0136602696992027,-5.03565926194722,-0.480857258044689,-0.0145260294527831,-5.03274677277848,-0.643811203782633,-0.0152492624364069,-5.0262912360378,-0.807651092445238,-0.015829968650074
-5.04828399878231,-0.282408664277741,-0.0302819344112178,-5.0527516692282,-0.433945298218566,-0.0359592950148093,-5.05416340470949,-0.585030941866226,-0.0421049505835107,-5.05251920522618,-0.735665595220719,-0.0487189011173223,-5.04781907077827,-0.885849258282047,-0.0558011466162438
-5.01224432351112,-0.470136190966878,-0.049598760193821,-5.0019300867471,-0.631698290091621,-0.0596927364263119,-4.98707132963172,-0.79413936101094,-0.0707562379116351,-4.96766805216498,-0.957459403724835,-0.0827892646497905,-4.94372025434689,-1.12165841823331,-0.0957918166407782
-4.97422917713603,-0.604827128811901,-0.011524967560646,-4.95135162512014,-0.759489598448231,-0.00864497532060029,-4.92291158506044,-0.914043564217673,-0.00496441366100717,-4.88890905695694,-1.06848902612023,-0.000483282581866667,-4.84934404080963,-1.22282598415589,0.00479841791682121
-4.95578049765066,-0.749705036709211,0.0182350514190037,-4.92862251731252,-0.901426590298757,0.0296967807142971,-4.89606480348316,-1.05268007176626,0.0429468808832159,-4.85810735616258,-1.20346548111171,0.05798535192576,-4.81475017535079,-1.35378281833513,0.0748121938419295
-4.92443661795152,-0.924362940621314,0.0417604314017763,-4.89066717970873,-1.08225598344565,0.0585026891197612,-4.8513441823288,-1.24052383129309,0.0774766391338543,-4.80646762581175,-1.39916648416364,0.0986822814440557,-4.75603751015756,-1.55818394205729,0.122119616050365
-4.87325514784548,-1.10717348511223,0.044921433962779,-4.82889175597047,-1.27265439340075,0.0599639138149025,-4.77833493839273,-1.43942578825602,0.0767389948081206,-4.72158469511226,-1.60748766967805,0.0952466769424331,-4.65864102612907,-1.77684003766683,0.11548696021784
-4.85984936903383,-1.27491558116057,0.0667198473410838,-4.81825408929907,-1.44234153939055,0.0854506202616991,-4.77160303061673,-1.61114107951225,0.106162264945513,-4.71989619298683,-1.78131420152568,0.128854781392525,-4.66313357640935,-1.95286090543083,0.153528169602736
-4.80579430555486,-1.42674501998993,0.0513920791801398,-4.75553641764733,-1.59102971594257,0.0622445365889448,-4.69976487206246,-1.75611484463452,0.0738262644612157,-4.63847966880023,-1.92200040606579,0.0861372627969525,-4.57168080786064,-2.08868640023638,0.0991775315961551
-4.74030436378523,-1.59294907417599,0.0435695333068446,-4.68012347866787,-1.75858981422622,0.0497452646545223,-4.61386918029332,-1.92510152060832,0.0559639875576991,-4.54154146866159,-2.09248419332228,0.0622257020163752,-4.46314034377266,-2.26073783236812,0.0685304080305505
-4.69781016096146,-1.77942270443888,0.0393580804613673,-4.63667576224992,-1.95196506743643,0.0425699454379205,-4.57011790984622,-2.12614397484522,0.0454430882258174,-4.49813660375035,-2.30195942666526,0.0479775088250581,-4.42073184396232,-2.47941142289653,0.0501732072356425
-4.6391050798988,-1.89019417175757,0.000629188734188731,-4.57325046071914,-2.04649178392284,-0.00863858120249243,-4.50206166169845,-2.20215595092076,-0.0197863344604327,-4.42553868283674,-2.35718667275131,-0.0328140710396319,-4.34368152413402,-2.51158394941452,-0.0477217909400903
-4.58123958008699,-2.04329459398683,-0.014805578920313,-4.51236345276358,-2.19803324587658,-0.0277385403373151,-4.43844673398747,-2.35202096057048,-0.0427781131727865,-4.35948942375866,-2.50525773806852,-0.0599242974267274,-4.27549152207715,-2.65774357837071,-0.0791770930991376
-4.51273904744757,-2.16814889897062,-0.0233154469742656,-4.4389310549472,-2.31348576241309,-0.0370746330281445,-4.36009627354643,-2.45697348285753,-0.0527778883238103,-4.27623470324526,-2.59861206030395,-0.0704252128612627,-4.18734634404368,-2.73840149475235,-0.0900166066405018
-4.44965673637211,-2.30657351141021,-0.0349454724995114,-4.37392680028949,-2.44806028950759,-0.0500323833563451,-4.29356422832612,-2.58744390954745,-0.0669851199365895,-4.20856902048199,-2.72472437152979,-0.0858036822402445,-4.1189411767571,-2.8599016754546,-0.10648807026731
-4.35922278221517,-2.44315028554238,-0.0586171923884132,-4.27460372529131,-2.58111256905176,-0.0780550395247634,-4.18481168144555,-2.71679125907833,-0.0996741914920045,-4.08984665067789,-2.8501863556221,-0.123474648290137,-3.98970863298833,-2.98129785868306,-0.14945640991916
-4.27518800843839,-2.51733641179997,-0.0468514274686462,-4.18556510151939,-2.63455332812579,-0.0594378303765172,-4.09079067922494,-2.74714297097624,-0.0730588512588965,-3.99086474155501,-2.85510534035135,-0.0877144901157842,-3.88578728850963,-2.95844043625109,-0.10340474694718
-4.1864300886539,-2.6054625898648,-0.0160662162169671,-4.09190606082377,-2.70963111344898,-0.017132123085671,-3.99226230462334,-2.80810332170628,-0.0176388048889362,-3.88749882005264,-2.90087921463672,-0.0175862616267627,-3.77761560711165,-2.98795879224029,-0.0169744932991504
-4.13424508896156,-2.73032796356983,0.00773079103060991,-4.04685753617434,-2.83479144787316,0.014421367791294,-3.95590615203896,-2.93431919565567,0.022584845148866,-3.86139093655542,-3.02891120691736,0.0322212231033261,-3.76331188972373,-3.11856748165823,0.0433305016546741
-4.03459910837764,-2.86144185516401,-0.00716825171024302,-3.94009918306854,-2.96868430087814,-0.00525448720302798,-3.84158494721646,-3.07197037334845,-0.00266120886684758,-3.7390564008214,-3.17130007257495,0.000611583298298189,-3.63251354388337,-3.26667339855763,0.00456388929240932
-3.9483160525893,-3.04328661063355,0.0185503494266034,-3.85218041701917,-3.16816838625701,0.028034596516275,-3.75233242877759,-3.29183531381325,0.0390731501746898,-3.64877208786454,-3.41428739330227,0.0516660104018477,-3.54149939428004,-3.53552462472405,0.0658131771977488
-3.86398000134654,-3.17167956555551,0.0461425791115495,-3.76754772933813,-3.29636290113044,0.0624229894646444,-3.66783672203034,-3.41996041931397,0.0809231481180443,-3.56484697942317,-3.54247212010611,0.101643055071749,-3.45857850151661,-3.66389800350685,0.124582710325759
-3.75798813004293,-3.30926249327957,0.0327205837998115,-3.65550983216037,-3.43659415540265,0.0426225591291927,-3.54940149776225,-3.56331404117623,0.0536527630297668,-3.43966312684859,-3.68942215060032,0.065811195501534,-3.32629471941937,-3.81491848367491,0.0790978565444942
-3.62652190756355,-3.46398011052932,0.0128840410118045,-3.51202221615959,-3.59862761891164,0.0153056078395677,-3.39282722463952,-3.73366974452278,0.0177625564298859,-3.26893693300336,-3.86910648736273,0.0202548867827591,-3.14035134125109,-4.00493784743148,0.0227825988981873
-3.5120187744812,-3.56646541511166,0.00637606540492221,-3.39282278667207,-3.69219730075444,0.00624811081537476,-3.26893137227023,-3.81714188993274,0.00582739043530726,-3.14034453127567,-3.94129918264654,0.00511390426471972,-3.00706226368839,-4.06466917889584,0.00410765230361212
-3.4259021857039,-3.714100715271,-0.00686549544599849,-3.31158651881334,-3.84538585395093,-0.0110823120731718,-3.19379104459935,-3.97668861443962,-0.0160738002366695,-3.07251576306192,-4.1080089967371,-0.0218399599364916,-2.94776067420107,-4.23934700084335,-0.0283807911726381
-3.34193773306762,-3.78629944928984,0.0404516204035317,-3.23292825777942,-3.90049801475253,0.0503780551800912,-3.12155433765846,-4.0125428635426,0.0614236146552772,-3.00781597270473,-4.12243399566006,0.0735882988290897,-2.89171316291824,-4.2301714111049,0.0868721077015287
-3.24238840416794,-3.85285290869929,0.0164642575374595,-3.13375298522558,-3.95110556297958,0.0176925297317616,-3.02310076791855,-4.04545361300462,0.0187936444334846,-2.91043175224686,-4.13589705877443,0.0197676016426287,-2.79574593821049,-4.22243590028899,0.0206144013591938
-3.0921008060311,-3.97362882822773,-0.0155957084763011,-2.96939121274583,-4.07449686070283,-0.0241307955649739,-2.84313416476239,-4.17228798579882,-0.0340163339481313,-2.71332966208077,-4.2670022035157,-0.0452523236257735,-2.57997770470097,-4.35863951385347,-0.0578387645979004
-2.98266976948991,-4.06620461114944,-0.0139960715700395,-2.86025656723574,-4.16159531512692,-0.0209478336177014,-2.73478387771687,-4.25360438374843,-0.0288776107567202,-2.6062517009333,-4.34223181701396,-0.0377854029870957,-2.47466003688503,-4.42747761492352,-0.047671210308828
-2.84938675933597,-4.1095341305678,-0.0277400800848451,-2.72076750310215,-4.18647264854246,-0.0376360609369712,-2.58868931014797,-4.25811635918753,-0.0487596619497384,-2.45315218047345,-4.324465262503,-0.0611108831231467,-2.31415611407857,-4.38551935848887,-0.0746897244571959
-2.70797172771943,-4.21931286747208,-0.0304867570891993,-2.57218944346184,-4.30046308832861,-0.0395407942485903,-2.4324779965555,-4.3775253316078,-0.0495597251656732,-2.2888373870004,-4.45049959730965,-0.0605435498404478,-2.14126761479656,-4.51938588543417,-0.0724922682729143
-2.57824749763978,-4.34452806651741,-0.000857342593611421,-2.4402897221699,-4.43434613721716,0.000321722122673647,-2.2986254086336,-4.52169555348797,0.00195745304337967,-2.15325455703087,-4.60657631532983,0.00404985016850665,-2.00417716736172,-4.68898842274275,0.00659891349805458
-2.43481389902344,-4.39093861821629,0.0117575687715986,-2.29156445693579,-4.46572252682345,0.0167037219881403,-2.14440724833359,-4.53644261851159,0.0225267919563905,-1.99334227321684,-4.60309889328072,0.0292267786763491,-1.83836953158554,-4.66569135113084,0.0368036821480162
-2.29684033271701,-4.46716825877247,0.0527466931805081,-2.15121037236782,-4.53830685758341,0.0690033986377929,-2.00186652618056,-4.60543476799844,0.087461547034874,-1.84880879415523,-4.66855199001755,0.108121138371752,-1.69203717629185,-4.72765852364075,0.130982172648425
-2.08401586425827,-4.55533081726746,0.0604618102821195,-1.91522070811274,-4.62738678394554,0.0764473595439954,-1.74024236676944,-4.69605766771139,0.0943204609344863,-1.55908084022839,-4.76134346856502,0.114081114453592,-1.37173612848958,-4.82324418650642,0.135729320101314
-1.95003552922381,-4.63675845428638,0.050309576863179,-1.78513530133987,-4.70814222739029,0.0606163737021466,-1.61533128173684,-4.77648531268543,0.0718501975932999,-1.44062347041471,-4.8417877101718,0.0840110485366388,-1.2610118673735,-4.9040494198494,0.0970989265321633
-1.78610092849604,-4.68723947414367,0.0405258722886394,-1.61657643639677,-4.74953167903474,0.0459439445476171,-1.4421836379564,-4.8080150506739,0.0515507474760549,-1.26292253317491,-4.86268958906116,0.0573462810739527,-1.0787931220523,-4.91355529419653,0.0633305453413105
-1.65534837721073,-4.73008724509289,0.00897394732937739,-1.4921791900397,-4.78294188720925,0.00387876143045083,-1.32556650833613,-4.8312731417205,-0.00238628683031016,-1.15551033210002,-4.87508100862662,-0.00982119745290558,-0.982010661331379,-4.91436548792762,-0.0184259704373355
-1.53723094169697,-4.78308029790782,0.00885208465025555,-1.38365973630304,-4.83145161922623,0.00402670243055562,-1.22830062199883,-4.87530463932915,-0.00178577983620453,-1.07115359878433,-4.91463935821658,-0.00858536215002492,-0.912218666659551,-4.94945577588852,-0.0163720445109055
-1.39390669661792,-4.82018559783002,-0.0194761907631065,-1.24151384855812,-4.86077735625636,-0.0320922358996311,-1.08770965231086,-4.89643680374822,-0.0465590778457467,-0.932494107876161,-4.9271639403056,-0.0628767166014534,-0.775867215254009,-4.95295876592851,-0.0810451521667511
-1.23095772702398,-4.86506248525391,0.00899438760256929,-1.07409776926147,-4.90196238192366,0.00642120588799233,-0.915438541368506,-4.93408743984806,0.00350710035732211,-0.754980043345088,-4.96143765902712,0.000252071010558622,-0.592722275191216,-4.98401303946083,-0.00334388215229812
-1.06877678523917,-4.9022790422122,0.0367435927242279,-0.908577251264463,-4.93449576622058,0.0426071412254143,-0.746382908821292,-4.96194928828356,0.049244069035951,-0.582193757909656,-4.98463960840114,0.0566543761558381,-0.416009798529555,-5.0025667265733,0.0648380625850755
-0.907859525289758,-4.9242343242437,0.00535021882179247,-0.745457417200377,-4.94871738794443,0.00120209936949568,-0.581034125268418,-4.96806015679713,-0.00354177788336832,-0.41458964949388,-4.98226263080181,-0.00888141293679952,-0.246123989876763,-4.99132480995846,-0.0148168057907979
-0.749964715761032,-4.95042471907614,-0.035376927640404,-0.586846186135463,-4.97026172217474,-0.050709616573856,-0.421872109261182,-4.98502117233369,-0.067982288758957,-0.255042485138188,-4.99470306955297,-0.0871949441957071,-0.0863573137664822,-4.99930741383259,-0.108347582884106
-0.605242560150782,-4.97453671939278,-0.012212258603149,-0.445593822848851,-4.99053368580563,-0.0183408051218763,-0.28476557799036,-5.00161019913995,-0.0249946135993755,-0.122757825575309,-5.00776625939575,-0.0321736840356467,0.0404294343963018,-5.00900186657303,-0.0398780164306897
-0.46469249499699,-4.96401760305663,0.00682789242176345,-0.309392889341264,-4.96741830241537,0.00745985998371856,-0.153615624244743,-4.96492412164795,0.00849147820963457,0.00263930029257422,-4.95653506075439,0.0099227470995115,0.159371884270687,-4.94225111973468,0.0117536666533493
-0.309108524264503,-4.94425946009294,0.0426090098920859,-0.153248941826802,-4.93506131150194,0.0538155223001717,0.00309875005008952,-4.91911722938583,0.0667133649425342,0.159934551366173,-4.89642721374461,0.0813025378191734,0.317258462121447,-4.86699126457828,0.0975830409300893
-0.149999403044592,-4.93281313193533,-0.00593879802815102,0.0072889577627308,-4.91621825202604,-0.0103384970860339,0.16518484378086,-4.89279482129863,-0.0152427493095919,0.323688255009796,-4.86254283975313,-0.0206515546988249,0.482799191449539,-4.82546230738951,-0.0265649132537331
0.0192847799900745,-4.96365390861476,-0.0106753574606421,0.180653188732353,-4.9539620414532,-0.0156771232421308,0.343069951511757,-4.93918481409635,-0.0211958213126891,0.506535068328287,-4.9193222265442,-0.0272314516723171,0.671048539181941,-4.89437427879677,-0.0337840143210148
0.194384622063358,-4.96752796358782,-0.0200028938496967,0.360776328233334,-4.95667776782528,-0.0267738059368975,0.528720998422499,-4.94124073955644,-0.0342206160217051,0.698218632630853,-4.9212168787813,-0.0423433241041197,0.869269230858396,-4.89660618549985,-0.0511419301841412
0.331353423209783,-4.99353207188009,-0.0174050044066578,0.490780819270637,-4.98876354185069,-0.0221397556100287,0.650679930859113,-4.98076252079265,-0.0272061151321238,0.811050757975213,-4.96952900870599,-0.032604082972943,0.971893300618934,-4.9550630055907,-0.0383336591324864
0.456883119925693,-4.97279085107726,-0.0380275757592366,0.606969604331067,-4.96016609263588,-0.0476931045137304,0.756282113661624,-4.9437218702687,-0.058274095613492,0.904820647917365,-4.92345818397571,-0.0697705490585213,1.05258520709829,-4.89937503375691,-0.0821824648488182
0.623217713213841,-4.93870962705513,0.0166867794290257,0.7772336873216,-4.91605423692495,0.0247423274286629,0.93107278046222,-4.88879088931182,0.0342482791436612,1.0847349926357,-4.85691958421574,0.0452046345740207,1.23822032384204,-4.82044032163671,0.0576113937197412
0.779915521143482,-4.91679282122936,0.0267327203918956,0.934530945302717,-4.88974327728322,0.0368148464335739,1.08906804194398,-4.85811291774119,0.0484205202050264,1.24352681106727,-4.82190174260326,0.0615497417062533,1.39790725267258,-4.78110975186945,0.0762025109372544
0.951091602593084,-4.93343776820007,0.0286761108144663,1.1104226397978,-4.91445598828462,0.0379258023241298,1.27028392928658,-4.89249910105925,0.0483999549980374,1.43067547105942,-4.86756710652396,0.0600985688361889,1.59159726511632,-4.83966000467874,0.0730216438385844
1.09599608145212,-4.87025792727199,0.0352690719336045,1.25168120437747,-4.83550668811967,0.0449741604718325,1.40736642478276,-4.79615612791097,0.0558060792393252,1.56305174266797,-4.75220624664589,0.0677648282360827,1.71873715803311,-4.70365704432442,0.080850407462105
1.2597204182909,-4.81899454155757,0.0434558010042623,1.41773281164603,-4.77486408355824,0.0538481886037667,1.5760407317703,-4.7255275073984,0.0653116089549363,1.73464417866369,-4.67098481307808,0.0778460620577711,1.8935431523262,-4.61123600059725,0.091451547912271
1.40961324786762,-4.76599873166683,0.00627885070564826,1.56557073554995,-4.71409583405633,0.00397200973638649,1.72152536797284,-4.65666102964032,0.000988098304440983,1.87747714513627,-4.59369431841881,-0.00267288359018825,2.03342606704026,-4.5251957003918,-0.00701093594750122
1.54377177239916,-4.73993205730103,0.014509083820623,1.69341609165889,-4.68997626271221,0.0145754200924283,1.84225647582,-4.6354380045285,0.014351907878781,1.99029292488247,-4.5763172827499,0.0138385471796812,2.13752543884631,-4.51261409737641,0.0130353379951287
1.67007383022238,-4.73191745969786,0.0379322406438369,1.81215715082126,-4.68952024169051,0.0444700065311413,1.95257874253984,-4.64408183740059,0.0515762527407293,2.09133860537811,-4.5956022468281,0.0592509792726007,2.22843673933607,-4.54408146997303,0.0674941861267558
1.8141272662372,-4.68075671625351,0.00212462319187877,1.95511916238522,-4.63278146699816,-0.00302717370067514,2.0945217284973,-4.58144298478769,-0.00916662083737767,2.23233496457345,-4.52674126962209,-0.0162937182182288,2.36855887061366,-4.46867632150138,-0.0244084658432286
1.94982562874245,-4.59657001386012,-0.00267996943247709,2.08769583504482,-4.53474912439876,-0.00871890868498548,2.22378218173433,-4.46823428433044,-0.0157327389353698,2.35808466881098,-4.39702549365518,-0.0237214601836299,2.49060329627476,-4.32112275237296,-0.032685072429766
2.1034196022992,-4.52252057418649,0.00960129420936756,2.24405762857059,-4.45246584183812,0.00789075369235884,2.38348962055302,-4.37726777764528,0.00587856269294521,2.5217155782465,-4.29692638160795,0.00356472121112668,2.65873550165102,-4.21144165372616,0.000949229246903246
2.27355746301232,-4.47411934007141,-0.0152082994242939,2.42152899847216,-4.40518948019565,-0.0239071506070399,2.56937857517759,-4.33191202269279,-0.0337565085057612,2.71710619312862,-4.25428696756283,-0.044756373120458,2.86471185232524,-4.17231431480578,-0.0569067444511301
2.44710557922005,-4.37221519876321,-0.0233886756752732,2.60235900504643,-4.28939242294731,-0.033087946656371,2.7584303738491,-4.20101029315222,-0.0439186711621485,2.91531968562803,-4.10706880937794,-0.0558808491926058,3.07302694038323,-4.00756797162447,-0.0689744807477427
2.58288593978518,-4.26460436668836,0.00241825024503518,2.73332029093728,-4.1690466480078,0.00186577705472093,2.88385697855355,-4.06701865073276,0.00148665086197913,3.03449600263398,-3.95852037486326,0.00128087166680978,3.18523736317858,-3.8435518203993,0.00124843946921288
2.704450443939,-4.17696872386908,0.00285527562148238,2.84662995537807,-4.07723399069294,0.00276258717293791,2.98785087885886,-3.97132010356038,0.00287960833918066,3.12811321438138,-3.85922706247139,0.00320633912021063,3.26741696194562,-3.74095486742598,0.00374277951602782
2.84841937883488,-4.07444305875973,0.0109736362543134,2.99015830045695,-3.96772125914097,0.0134675728152499,3.13100439280134,-3.85471774292147,0.0164729629699012,3.27095765586805,-3.73543251010122,0.0199898067182674,3.41001808965707,-3.60986556068023,0.0240181040603483
2.97048277581636,-4.00455246936817,-0.00269108423598689,3.10563324303984,-3.90221076624059,-0.00436326455034901,3.23916783438907,-3.79494083932573,-0.00611779815540843,3.37108654986404,-3.6827426886236,-0.00795468505116516,3.50138938946477,-3.56561631413418,-0.00987392523761919
3.08604446384877,-3.91802071098065,0.00711982483697018,3.21390854094811,-3.81532741010583,0.008689389245802,3.33943688334433,-3.70828687766352,0.0105985870123869,3.46262949103744,-3.5968991136537,0.0128474181367248,3.58348636402743,-3.48116411807637,0.0154358826188157
3.23817649722103,-3.8758641602141,0.00416586962227625,3.37072987116817,-3.78634766542532,0.00476560944690996,3.50183932211783,-3.69470857561279,0.00553874993522406,3.63150485006999,-3.60094689077652,0.00648529108721856,3.75972645502467,-3.50506261091651,0.00760523290289346
3.35318511609144,-3.75279599195316,0.00753033185359854,3.47921575213879,-3.65144444172256,0.00910379775531429,3.60315772124014,-3.54673732180775,0.0109522638034753,3.72501102339549,-3.43867463220873,0.0130757299980815,3.84477565860484,-3.3272563729255,0.0154741963391329
3.47378809237216,-3.63227737028375,-0.00930615751612981,3.59615887514535,-3.52202181109856,-0.012786962510761,3.7162415324578,-3.40770632054005,-0.0166693061422901,3.8340360643095,-3.28933089860822,-0.020953188410717,3.94954247070046,-3.16689554530307,-0.0256386093160419
3.57446394903644,-3.53721150281222,-0.0239864796318904,3.68826640958669,-3.42729308888996,-0.0311108334370926,3.79898348804532,-3.31387294242756,-0.0390482916638697,3.90661518441232,-3.19695106342501,-0.0477988543122216,4.01116149868769,-3.07652745188232,-0.0573625213821484
3.6945140359615,-3.3857612025244,-0.00742692060550888,3.80703966277533,-3.26031850217215,-0.00850841481866606,3.91670949857931,-3.12984783353082,-0.00953266448537326,4.02352354337345,-2.9943491966004,-0.0104996696056305,4.12748179715774,-2.85382259138089,-0.0114094301794378
3.80338527161607,-3.29774734659628,-0.015519807547525,3.91199724276492,-3.1781114928045,-0.0185736988775941,4.01761912940282,-3.05482312571498,-0.0218280040333485,4.12025093152976,-2.92788224532772,-0.0252827230147881,4.21989264914575,-2.79728885164273,-0.0289378558219131
3.83991478382576,-3.22324582198743,-0.0466923442725431,3.92467040786532,-3.11302283555766,-0.0580863695121523,4.00378702302924,-3.00080595605504,-0.0707141274456498,4.07726462931753,-2.88659518347956,-0.0845756180730355,4.14510322673019,-2.77039051783123,-0.0996708413943094
3.92397316363267,-3.14817691056593,-0.0307508524306728,4.00288794215744,-3.04613635095195,-0.0354655884434683,4.07613808910637,-2.94339375882561,-0.0404095170958345,4.14372360447946,-2.8399491341869,-0.0455826383877714,4.2056444882767,-2.73580247703584,-0.0509849523192791
4.03177733652132,-2.99183432541281,-0.0260763100228259,4.11339031817339,-2.87337250920342,-0.0283022521911371,4.19040031100899,-2.75221314089731,-0.0304123448245263,4.26280731502813,-2.62835622049448,-0.0324065879229937,4.33061133023081,-2.50180174799493,-0.0342849814865391
4.11731353019148,-2.8455566466887,0.0282013076152129,4.19545920531933,-2.71634520718284,0.042447734085253,4.26914606390307,-2.58341402353764,0.0588864328214119,4.33837410594271,-2.44676309575311,0.0775174038236896,4.40314333143824,-2.30639242382925,0.098340647092086
4.1814651015472,-2.72003712878814,0.0186972382610142,4.25110097951187,-2.58817467402431,0.0282606986936667,4.31576377819793,-2.45272814781097,0.0391436355973472,4.37545349760539,-2.31369755014812,0.0513460489720556,4.43017013773423,-2.17108288103574,0.0648679388177919
4.24333393130783,-2.56722599110775,0.000281053296578448,4.30574834294073,-2.42571528887628,0.00306450751256418,4.3629042476954,-2.27985068190434,0.0061392273768889,4.41480164557185,-2.12963217019192,0.00950521288955262,4.46144053657007,-1.97505975373903,0.0131624640505553
4.36961779197366,-2.41735514077383,-0.00241687912444498,4.44526247631696,-2.26907045756927,-0.000928898317779547,4.51799576211035,-2.11612464647555,0.000648915239004453,4.58781764935384,-1.95851770749266,0.00231656154590702,4.65472813804743,-1.7962496406206,0.00407404060292814
4.45748508353555,-2.27012835646414,-0.0209682722317435,4.53375654124501,-2.11748878348255,-0.0251914100374554,4.60756576324581,-1.96022695884046,-0.0300611326153521,4.67891274953796,-1.7983428825379,-0.0355774399654334,4.74779750012145,-1.63183655457485,-0.0417403320876995
4.53239352615748,-2.08636975315726,0.00402988417515838,4.6058081857202,-1.92009966397857,0.00761907389683394,4.67671052077419,-1.74806374453723,0.0116355184370694,4.74510053131944,-1.57026199483326,0.0160792177958646,4.81097821735596,-1.38669441486665,0.0209501719732197
4.58282724764782,-1.95157407271882,-0.015386611721748,4.64707711418683,-1.78864929193129,-0.0180297995586135,4.70797014053772,-1.62111531911742,-0.0210911576922377,4.76550632670049,-1.44897215427721,-0.0245706861226206,4.81968567267513,-1.27221979741067,-0.0284683848497622
4.65939114074849,-1.83264826210209,0.00332662598460847,4.7238488028743,-1.67785100886123,0.00644747625654069,4.78540214717966,-1.52006146104483,0.00993497346459368,4.84405117366456,-1.35927961865289,0.0137891176087674,4.899795882329,-1.19550548168541,0.018009908689062
4.70765714145816,-1.62548843139475,-0.0462717065583954,4.76452336126769,-1.45254108641353,-0.0580452358022153,4.81789024351048,-1.27467719913701,-0.0713894705518176,4.86775778818653,-1.09189676956519,-0.0863044108072024,4.91412599529584,-0.904199797698082,-0.10279005656837
4.76478528215755,-1.48980050660026,-0.0482129866638947,4.81822798465048,-1.32272238963901,-0.0587110047961407,4.8681809747842,-1.15209695928225,-0.0704184077372154,4.91464425255871,-0.977924215529967,-0.0833351954871188,4.95761781797401,-0.800204158382161,-0.0974613680458508
4.83323054433438,-1.33548044436254,-0.057209834046949,4.88752644055952,-1.16854818602048,-0.0684826815702622,4.93888394643172,-0.998537454032543,-0.0809097480849279,4.98730306195099,-0.825448248398735,-0.0944910335909461,5.0327837871173,-0.649280569119052,-0.109226538088317
4.8883055707922,-1.19684131303865,-0.0269140306700391,4.93988861747243,-1.03502080966913,-0.0273079007828583,4.98856190569001,-0.871161563465012,-0.0273284030955035,5.03432543544494,-0.70526357442629,-0.0269755376079747,5.07717920673723,-0.537326842552965,-0.0262493043202719
4.89061750786974,-1.04965273494561,-0.0248814342071223,4.92502790985103,-0.890029104446497,-0.0241995286177543,4.95471791254773,-0.728904432849618,-0.0230550861498106,4.97968751595984,-0.566278720154971,-0.0214481068032911,4.99993672008737,-0.402151966362557,-0.0193785905781959
4.91836076593703,-0.909097739427665,-0.000274241828906562,4.94612077931681,-0.753493011944302,0.00779603702453224,4.96891538567757,-0.597087987657222,0.0172080718625469,4.98674458501932,-0.439882666566423,0.0279618626851375,4.99960837734206,-0.281877048671907,0.040057409492304
4.95368846161426,-0.77911103029287,0.00649779787907013,4.97867374304914,-0.630121850387037,0.0155340214680884,4.99897171866074,-0.481273798179047,0.025864292662221,5.01458238844905,-0.332566873668902,0.037488611461468,5.02550575241407,-0.184001076856601,0.0504069778658294
4.96155275982135,-0.652937796808156,0.031918107247616,4.97689459302007,-0.510694451715592,0.046991205494832,4.98691994943926,-0.369430686799707,0.0639604424058335,4.99162882907892,-0.229146502060499,0.0828258179806204,4.99102123193904,-0.0898418974979701,0.103587332219193
4.99779260478591,-0.484269993495759,-0.0028820628337667,5.01386746905634,-0.33535693785993,-0.00035002366681796,5.02539382774792,-0.186452402419863,0.00224538489430744,5.03237168086065,-0.0375563871755594,0.0049041628496095,5.03480102839454,0.111331107872982,0.00762631019908823
4.99309796811294,-0.332864799873237,-8.59455119555449e-05,4.99861201996733,-0.183238846123822,0.00258590777937109,4.99881431762593,-0.0335298301639873,0.00533083494872368,4.99370486108874,0.116262248006265,0.00814883599610224,4.98328365035576,0.266137388386936,0.0110399109215068
4.97021858783479,-0.158231988386519,-0.0252144288294869,4.96220162078371,-0.00128404539803872,-0.0305170784567638,4.94782948266011,0.156665925048705,-0.03676827569442,4.92710217346401,0.315617922953711,-0.0439680205424555,4.9000196931954,0.47557194831698,-0.0521163130008702
4.96174525210563,0.00468510766011906,-0.0469368809534069,4.94724100543831,0.164363014653899,-0.0579412444363639,4.92636481682068,0.325262306702851,-0.0704975591252019,4.89911668625274,0.487382983806975,-0.0846058250199207,4.86549661373449,0.650725045966272,-0.10026604212052
4.96957560912863,0.151920386466344,-0.0528774505721474,4.95516478965199,0.309217815440755,-0.0639679099881539,4.93520279206636,0.467279381182036,-0.0764242336321271,4.90968961637174,0.626105083690185,-0.0902464215040671,4.87862526256812,0.785694922965205,-0.105434473603974
4.99615438622711,0.290951565114688,-0.0388492070107864,4.98805796174378,0.443725459186603,-0.0440342269260959,4.97591666654807,0.59659223218746,-0.0496620356734301,4.95973050063998,0.749551884117261,-0.0557326332527888,4.9394994640195,0.902604414976004,-0.0622460196641722
5.00601907662003,0.434203189003019,-0.00907679635300898,4.99907712319321,0.584313477373535,-0.00458520938553997,4.98875034361288,0.734166715246785,0.000748222916582861,4.97503873787903,0.883762902622769,0.00692350055335951,4.95794230599165,1.03310203950149,0.01394062352479
4.96929140191808,0.598342393980802,-0.0260915713298125,4.95034232100459,0.75225669001169,-0.0269837506739709,4.92691383248232,0.906429477600312,-0.0278244118586036,4.89900593635125,1.06086075674667,-0.0286135548837106,4.8666186326114,1.21555052745076,-0.0293511797492918
4.93897461396263,0.77288942947973,-0.0148839900539355,4.91225542803949,0.933034934511672,-0.0122220406701932,4.88063908799063,1.09419715393519,-0.00906392471752243,4.84412559381605,1.25637608775027,-0.00540964219592332,4.80271494551574,1.41957173595693,-0.00125919310539583
4.93617832069244,0.955137831315956,-0.038855020146318,4.91148712398019,1.12269834590989,-0.0434065571619816,4.88277790426723,1.29208782384939,-0.0484406504391588,4.85005066155359,1.46330626513446,-0.0539572999778498,4.81330539583924,1.63635366976509,-0.0599565057780545
4.89262921794429,1.10632544234127,-0.029536119334221,4.85846105544289,1.2709753302281,-0.0305550305223364,4.81958186962559,1.43685250133163,-0.03154677977906,4.77599166049239,1.60395695565186,-0.032511367104392,4.7276904280433,1.7722886931888,-0.0334487924983323
4.86608439731267,1.26134219492256,0.0116610475419638,4.82941199877306,1.42443078841804,0.0228899103970631,4.78830872352071,1.58839266157382,0.0356973139712821,4.74277457155563,1.75322781438989,0.0500832582646208,4.69280954287781,1.91893624686626,0.0660477432770792
4.83170091564116,1.41591593724826,0.0170537695892101,4.79126023072131,1.57741295108723,0.0281717406933138,4.74647278341765,1.73947033632758,0.0406537829242243,4.69733857373016,1.9020880929693,0.0544998962819418,4.64385760165886,2.06526622101241,0.0697100807664661
4.78868166689219,1.54568132018757,0.0714435710185833,4.74314778292727,1.69855310670154,0.0964518420708518,4.69317237814974,1.85081917384449,0.124414360380702,4.6387554525596,2.00247952161641,0.155331125948135,4.57989700615685,2.1535341500173,0.18920213877315
4.75640704883831,1.71585290266614,0.0628172335838638,4.71026990552456,1.87312687451722,0.0810432836403997,4.66017849992193,2.03043086905864,0.100987558554219,4.60613283203042,2.1877648862904,0.12265005832532,4.54813290185002,2.34512892621251,0.146030782953705
4.65932043837439,1.8581053002508,0.0126598972549021,4.59448029949535,2.01106088440367,0.012808708491654,4.52381358033374,2.16349447048266,0.0121627556976664,4.44732028088956,2.31540605848779,0.0107220388729394,4.36500040116279,2.46679564841905,0.00848655801747294
4.59597124081102,2.0090440427333,-0.02169119145636,4.52573611587454,2.16089379817537,-0.0323240950637134,4.44972920055632,2.31214743957807,-0.0450195832908379,4.36795049485636,2.4628049669414,-0.0597776561377335,4.28039999877466,2.61286638026535,-0.0765983136044003
4.53148206884887,2.14642907127567,-0.0243437770285709,4.45713847863644,2.29349549717068,-0.0347291413477398,4.37723425336432,2.43943425158395,-0.0468838253343982,4.29176939303253,2.58424533451548,-0.0608078289885462,4.20074389764105,2.72792874596527,-0.0765011523101836
4.47828127451296,2.27963925992392,-0.0411846287226314,4.40449741662725,2.4215669429993,-0.0552080321834476,4.32592989033864,2.5618577582505,-0.0712379849796205,4.24257869564713,2.70051170567753,-0.0892744871111503,4.15444383255272,2.83752878528038,-0.109317538578037
4.39640569866188,2.43103458151949,-0.0432118270701662,4.31549580067255,2.57406606675415,-0.0557691463052588,4.22950487554442,2.71580860595755,-0.0698921719788944,4.13843292327751,2.85626219912969,-0.0855809040910732,4.04227994387179,2.99542684627058,-0.102835342641795
4.29868865424029,2.54053724776047,-0.0517182158208827,4.20783243544509,2.67257394240708,-0.0646685875576435,4.11127755159557,2.80208955623045,-0.0790357999947694,4.00902400269172,2.92908408923057,-0.0948198531322604,3.90107178873356,3.05355754140744,-0.112020746970116
4.2059168332027,2.64715480563311,-0.0377306232704607,4.10880742527045,2.76931214685098,-0.044299896445337,4.00592895671848,2.88801429134944,-0.0512960797468274,3.89728142754678,3.00326123912849,-0.0587191731749318,3.78286483775536,3.11505299018813,-0.0665691767296504
4.098325802907,2.79243428465555,-0.019572279424618,3.99241313868646,2.91782977183913,-0.0194103696507723,3.88034622963816,3.04061976686519,-0.0187666664413912,3.7621250757621,3.16080426973376,-0.0176411697964748,3.63774967705827,3.27838328044481,-0.0160338797160231
4.00145912910599,2.94246527342933,-0.0142271887810731,3.89201083232945,3.0723866961701,-0.0120830704261273,3.77674071757041,3.20060794520891,-0.00926668436084606,3.65564878482889,3.32712902054576,-0.00577803058522921,3.52873503410488,3.45194992218063,-0.00161710909927678
3.89610941724176,3.07379956328697,-0.0126342459177678,3.78202575131259,3.2024298058134,-0.00997741285214271,3.66227088436926,3.32941179542669,-0.00666856696496507,3.53684481641176,3.45474553212687,-0.00270770825623486,3.40574754744011,3.57843101591392,0.00190516327404794
3.82821021014712,3.19974408106333,0.00102441389764058,3.7218247129532,3.32594861332117,0.00751804300948908,3.61146522569041,3.45040619623084,0.015067985897135,3.49713174835877,3.57311682979232,0.0236742425605785,3.37882428095828,3.69408051400563,0.0333368129998193
3.75563235385496,3.30690989723106,-0.0222661100098218,3.65505942386656,3.42585619687822,-0.0233380144802793,3.55175488489639,3.5423559023584,-0.0244481289991143,3.44571873694446,3.65640901367161,-0.0255964535663268,3.33695098001076,3.76801553081783,-0.0267829881819167
3.6648362702555,3.45244330756371,-0.0179628348349982,3.56436191004363,3.57663938802137,-0.0175169548491732,3.46151522557737,3.69936591153189,-0.0169117549642679,3.35629621685674,3.82062287809527,-0.0161472351802822,3.24870488388173,3.94041028771152,-0.0152233954972162
3.55733578660471,3.54873718742713,0.00347368444884264,3.4524551962634,3.6633866467914,0.0101552057876151,3.34494408196365,3.77554118436846,0.0177674221517455,3.23480244370545,3.88520080015831,0.0263103335412339,3.1220302814888,3.99236549416095,0.0357839399560801
3.42255063897809,3.66312599569988,0.00701394061363262,3.30638282297328,3.77520508060506,0.0137168308396706,3.18648553450615,3.88477966517873,0.0212349792153311,3.06285877357667,3.99184974942087,0.029568385740614,2.93550254018486,4.09641533333149,0.0387170504155195
3.30850400055369,3.75311862023094,0.0182815653893152,3.18922074564009,3.85629966761377,0.0271211025079014,3.06628596842092,3.95616456972572,0.0369436450581088,2.93969966889618,4.05271332656679,0.0477491930399373,2.80946184706588,4.14594593813698,0.0595377464533869
3.20141522982662,3.83942518583689,-0.0175318220582294,3.08201048353359,3.93440530220278,-0.0206353042787273,2.95940234429618,4.02544916090737,-0.0243967103807536,2.83359081211436,4.11255676195066,-0.0288160403643082,2.70457588698815,4.19572810533265,-0.0338932942293911
3.06767209881509,3.96595380877481,-0.0726750384299692,2.94091331731081,4.06613025580124,-0.0915007857646432,2.81042422830913,4.16352980638903,-0.112896840683526,2.67620483181007,4.25815246053817,-0.136863203186617,2.53825512781361,4.34999821824868,-0.163399873273916
2.91461952742508,4.02490623632178,0.00464789599632073,2.77651897326897,4.11037235361002,0.0110847378963749,2.63372185350368,4.19154665236601,0.0184845948748511,2.4862281681292,4.26842913258974,0.0268474669317494,2.33403791714553,4.34101979428122,0.0361733540670696
2.74522620092451,4.14686157934537,0.00548865736999241,2.59337052218691,4.23859869431781,0.0112685739704145,2.43566831447425,4.32738491614429,0.0178058579192675,2.27211957778655,4.41322024482481,0.0251005092165515,2.1027243121238,4.49610468035938,0.0331525278622666
2.65989954020139,4.23071069340139,0.0149433155950553,2.52145599792177,4.31721351506477,0.0225443552044295,2.37961077024445,4.40047557114828,0.0310378035130245,2.23436385716942,4.4804968616519,0.0404236605208403,2.08571525869669,4.55727738657564,0.0507019262278768
2.49805158113963,4.34782923543513,-0.000680160488263001,2.34943129731516,4.43995385905986,0.00109030902222928,2.19654925019376,4.52996279980615,0.00289972043320221,2.03940543977543,4.61785605767403,0.00474807374465581,1.87799986606017,4.70363363266348,0.00663536895659006
2.3729288884263,4.41700482088015,0.0185767604103071,2.22684886934014,4.50037052741824,0.0254481091073648,2.07737058887585,4.58077720767265,0.0330010010785973,1.92449404703343,4.6582248616434,0.0412354363240048,1.76821924381287,4.73271348933049,0.0501514148435871
2.26154972222618,4.47927503306507,0.0167745791844421,2.12211656396447,4.55357503866808,0.0218166778823895,1.98056034963862,4.62414078959206,0.0272215803847616,1.83688107924863,4.69097228583702,0.0329892866915584,1.6910787527945,4.75406952740295,0.0391197968027799
2.11053217820738,4.56052277812959,0.0124146260413189,1.96562254283007,4.63309974451712,0.0150978444395928,1.81816414224754,4.70219777543379,0.017798355063382,1.66815697645978,4.7678168708796,0.0205161579126867,1.51560104546681,4.82995703085455,0.0232512529875066
1.97733738833441,4.61634635476,0.0323180888343038,1.83327017398762,4.68059465336691,0.0400034757627566,1.68708469778054,4.74074835406619,0.0483389735748852,1.53878095971318,4.79680745685784,0.0573245822706896,1.38835895978554,4.84877196174188,0.0669603018501698
1.83536742591415,4.64628593257249,-0.0282108634716663,1.68978905731797,4.69650802455523,-0.0396218939604017,1.54216949778568,4.74137472359407,-0.052889590219275,1.39250874731729,4.78088602968901,-0.0680139522482863,1.24080680591278,4.81504194284005,-0.0849949800474356
1.65383806385201,4.64265042761324,-0.00796587783299427,1.49581149432905,4.67192655472589,-0.0120698641539281,1.33442258772808,4.69386810140768,-0.0168672042042832,1.16967134404911,4.70847506765859,-0.0223578979840596,1.00155776329212,4.71574745347864,-0.0285419454932573
1.4717712464967,4.6958725378025,-0.0219798516864176,1.30342322485469,4.72474591198303,-0.0296459118837057,1.13082942237937,4.74716468539684,-0.0383695032790359,0.953989839070751,4.76312885804391,-0.0481506258724081,0.772904474928833,4.77263842992425,-0.0589892796638224
1.33564102457756,4.76769201042474,-0.00804122438967495,1.17237355584906,4.80254272055169,-0.010510741087219,1.00604426304898,4.83251703587496,-0.0132438484883167,0.836653146177318,4.85761495639457,-0.016240546592968,0.664200205234068,4.8778364821105,-0.019500835401173
1.17207087753487,4.84565768993159,0.0106989550805363,1.00565396612022,4.88811282633451,0.0141055812065789,0.836164107651052,4.92727597965547,0.0180280417731729,0.663601302127353,4.96314714989447,0.0224663367803181,0.487965549549129,4.9957263370515,0.0274204662280146
1.05433181979501,4.89221930210245,0.00387951752435921,0.898933113215636,4.9325711884798,0.00484176095517693,0.742250299120743,4.96978199872086,0.0059440460242305,0.584283377510329,5.00385173282563,0.00718637273151994,0.425032348384394,5.03478039079409,0.00856874107704524
0.948492766517933,4.92689097064503,-0.0182159504582282,0.806156365618536,4.96245748463565,-0.0237883580723839,0.6643571015822,4.99467418283762,-0.0300680610350752,0.523094974408924,5.02354106525095,-0.037055059346302,0.382369984098709,5.04905813187564,-0.0447493530060644
0.788661133296678,4.984003239076,-0.0142893321285425,0.641797390089964,5.02245695217242,-0.0178192791493621,0.494827859686213,5.05835262427163,-0.021707446284137,0.347752542085425,5.09169025537363,-0.0259538335328672,0.2005714372876,5.12246984547841,-0.0305584408955528
0.606804753224901,5.01168183983394,-0.0151126064294758,0.449705635670813,5.04445835746907,-0.0182172522392,0.291214802973551,5.07428086457397,-0.0215806519207393,0.131332255133117,5.10114936114863,-0.0252028054740937,-0.0299420078504906,5.12506384719305,-0.0290837128992632
0.427847490492966,5.0110875643401,-0.0193105375243957,0.263029212756979,5.03124997184806,-0.0229904188880466,0.0960159651861753,5.04723204125194,-0.0269692307500055,-0.0731922522194464,5.05903377255173,-0.0312469731102725,-0.244595439459885,5.06665516574744,-0.0358236459688476
0.255740349850531,5.02896733699672,-0.000485821681694682,0.0866171391945654,5.0442886345717,0.0020499449250699,-0.0849688962893436,5.05534571056856,0.00511379188657441,-0.259017756601196,5.06213856498728,0.00870571920281884,-0.435529441740993,5.06466719782788,0.0128257268738032
0.145688100352414,5.03489171029131,-0.00559536772239643,-0.0087982106548839,5.04322858649841,-0.00474466808822049,-0.16357657553477,5.04695591797879,-0.00364684209623354,-0.318646994287245,5.04607370473245,-0.00230188974643559,-0.474009466912308,5.04058194675938,-0.000709811038826622
0.0276650013945858,4.98346187837373,-0.00198242530621686,-0.11655807765015,4.96988808216338,-8.49916968161431e-05,-0.259733241145876,4.94950840259305,0.00216107663059968,-0.401860489092592,4.92232283966275,0.00475577967603062,-0.542939821490297,4.88833139337247,0.00769911743947666
